Model,gradient_variant,seed,SNRinp_target,SNRinp_measured,SINR,execution_time,n_sources,n_mixtures,n_samples,presumed_domain,SNR_1,SNR_2,SNR_3,SNR_4,SNR_5
PredictiveDecorrBSS,truncated,0,30.0,30.003921877920554,26.28668853097686,25.954783356981352,5,10,100000,sparse,27.90469884512905,28.156617776925685,26.444297855879913,25.946864089313596,24.192017711419037
PredictiveDecorrBSS,full,0,30.0,30.003921877920554,26.575567757039607,17.656412395997904,5,10,100000,sparse,27.9168660147451,28.192257578970036,26.61637409097691,27.175032472713625,24.217616708512647
PredictiveDecorrBSS,truncated,100,30.0,30.01013896108627,27.312881716234706,14.144221444003051,5,10,100000,sparse,29.30870896391196,26.555172804474296,27.025577464304288,27.172581719518675,26.99314905907108
PredictiveDecorrBSS,full,100,30.0,30.01013896108627,27.316815101651983,15.782592553994618,5,10,100000,sparse,29.311440686949794,26.56075407573562,27.029391907365437,27.17802398964632,26.994666347157718
PredictiveDecorrBSS,truncated,200,30.0,30.005513037743047,26.60420692395347,14.258470101980492,5,10,100000,sparse,24.116249062888386,28.717690967566796,26.816013748654264,28.532821268904975,26.573991616004285
PredictiveDecorrBSS,full,200,30.0,30.005513037743047,26.60863744912301,15.825562403013464,5,10,100000,sparse,24.119333784755987,28.722776289714858,26.822209385362363,28.538381740960244,26.578043735254063
PredictiveDecorrBSS,truncated,300,30.0,29.995061766958795,26.305249151092273,14.226993135991506,5,10,100000,sparse,27.379837047642535,29.218996793075526,23.73345932642338,26.698919286533176,26.34863167634534
PredictiveDecorrBSS,full,300,30.0,29.995061766958795,26.30608173614405,15.816167115001008,5,10,100000,sparse,27.38113571409091,29.22084174985475,23.733768425824096,26.700854091301704,26.348508142345523
PredictiveDecorrBSS,truncated,400,30.0,30.001287938126985,25.21375475467384,14.142816851002863,5,10,100000,sparse,26.26483603229473,23.511898953549405,27.806534970042158,27.258250367546914,23.298980249467903
PredictiveDecorrBSS,full,400,30.0,30.001287938126985,25.22203685753481,15.853213769994909,5,10,100000,sparse,26.273189268156667,23.516202469717538,27.809210789642407,27.273167470686992,23.31028732878069
PredictiveDecorrBSS,truncated,500,30.0,30.010303315852916,27.357620682091593,14.158511262998218,5,10,100000,sparse,27.68188955906838,27.441330024116404,27.56308499257097,26.947569241751715,27.18745342710811
PredictiveDecorrBSS,full,500,30.0,30.010303315852916,27.360217652910194,15.766604944015853,5,10,100000,sparse,27.685222919753002,27.44288816906836,27.56595324000315,26.949627532453633,27.190692681657307
PredictiveDecorrBSS,truncated,600,30.0,30.006325528614617,26.40737019337243,14.189738260000013,5,10,100000,sparse,28.46580596482271,23.525711751832496,29.112225799270295,25.81216097414094,27.672186803113377
PredictiveDecorrBSS,full,600,30.0,30.006325528614617,26.410118878951767,15.734390224999515,5,10,100000,sparse,28.46685439111583,23.528286987193844,29.115754401920565,25.814196729793572,27.677329588186215
PredictiveDecorrBSS,truncated,700,30.0,30.003730301313922,26.279553191888404,14.19229174600332,5,10,100000,sparse,26.087893126301953,26.30807862028043,26.669512277679253,27.55724969835995,25.138680515615913
PredictiveDecorrBSS,full,700,30.0,30.003730301313922,26.285443896560302,15.768361366004683,5,10,100000,sparse,26.089332642060516,26.31496673284949,26.674238167591255,27.574568187388113,25.141732630232955
PredictiveDecorrBSS,truncated,800,30.0,29.989045679417256,27.65105450501818,14.259067414997844,5,10,100000,sparse,27.878954105789905,26.73590959887436,28.585323228588177,28.557268028147597,26.879409886483256
PredictiveDecorrBSS,full,800,30.0,29.989045679417256,27.65552279544003,15.727232245000778,5,10,100000,sparse,27.88167462932105,26.74058728868458,28.59040818231147,28.55829649233655,26.886910097592928
PredictiveDecorrBSS,truncated,900,30.0,30.002182752288434,27.56301136925121,14.196364478004398,5,10,100000,sparse,25.671447029975745,28.67627601269674,28.12493435693498,27.756495405426065,28.2845969107402
PredictiveDecorrBSS,full,900,30.0,30.002182752288434,27.5653794757369,15.758669729984831,5,10,100000,sparse,25.676073595417858,28.67741038358066,28.126045668071548,27.75766818247807,28.286648620873738
PredictiveDecorrBSS,truncated,1000,30.0,29.994152030972508,27.353293045617463,14.23885422400781,5,10,100000,sparse,28.18273871648575,27.52817658579207,26.694491010092026,27.721472061557613,26.802085790795353
PredictiveDecorrBSS,full,1000,30.0,29.994152030972508,27.356318693310023,15.796980533981696,5,10,100000,sparse,28.186241218005968,27.52980392002388,26.696737877187378,27.725528183146828,26.805903579089115
PredictiveDecorrBSS,truncated,1100,30.0,29.992314889600713,26.853338838676674,14.187506777991075,5,10,100000,sparse,28.501444247783603,26.9959671709532,27.505649259624867,26.014780284511517,25.810318992648313
PredictiveDecorrBSS,full,1100,30.0,29.992314889600713,26.903043094318036,15.725467953976477,5,10,100000,sparse,28.52304762329296,26.9986158581146,27.516509977932927,26.215485335470213,25.797282399756035
PredictiveDecorrBSS,truncated,1200,30.0,30.001005455777722,24.75349283102915,14.201246438984526,5,10,100000,sparse,26.29093148162784,23.02456982026824,24.305076264329625,26.983547259056667,24.316595081528085
PredictiveDecorrBSS,full,1200,30.0,30.001005455777722,24.763933314923037,15.735261808003997,5,10,100000,sparse,26.31143188975529,23.023851755469217,24.32919166012328,27.00031937944003,24.318655245036183
PredictiveDecorrBSS,truncated,1300,30.0,30.00500816302031,27.228038430727537,14.170226600021124,5,10,100000,sparse,27.70678127732884,26.995606927193542,27.33529370180242,27.16423915908564,26.980334644316958
PredictiveDecorrBSS,full,1300,30.0,30.00500816302031,27.230044777090004,15.707267355988733,5,10,100000,sparse,27.707720992233686,26.997094618734295,27.336795099127357,27.166867175126956,26.983620833617326
PredictiveDecorrBSS,truncated,1400,30.0,30.007978380004637,27.195419913715902,14.247101665008813,5,10,100000,sparse,27.955486474016826,27.05882661588564,27.05374188316512,26.66924592006736,27.350209699501494
PredictiveDecorrBSS,full,1400,30.0,30.007978380004637,27.197907645378567,15.831398309994256,5,10,100000,sparse,27.959182469956882,27.060773745747344,27.05657737633998,26.67177357723981,27.351816909014545
PredictiveDecorrBSS,truncated,1500,30.0,29.976111224175668,27.85493282303502,14.127853425976355,5,10,100000,sparse,25.93702253698779,27.26065783045157,31.345861965516114,27.380007077304526,29.128056332481464
PredictiveDecorrBSS,full,1500,30.0,29.976111224175668,27.86094370317795,15.813951770978747,5,10,100000,sparse,25.94060388841051,27.26644964662489,31.358648554596726,27.381703217666157,29.141665722155455
PredictiveDecorrBSS,truncated,1600,30.0,29.99566342942844,25.42817665761904,14.16416614301852,5,10,100000,sparse,26.94198905226144,27.185533645010395,24.468295172057278,23.49356869914418,26.252079222946705
PredictiveDecorrBSS,full,1600,30.0,29.99566342942844,25.41236146875687,15.855211194022559,5,10,100000,sparse,26.95655707450723,27.19631179611533,24.4700778790828,23.459988934927875,26.196333659721738
PredictiveDecorrBSS,truncated,1700,30.0,30.009656940967503,27.857644705486226,14.209287781995954,5,10,100000,sparse,28.331870450780695,28.647202191829756,27.252438258344796,28.503233503176254,26.846660536527075
PredictiveDecorrBSS,full,1700,30.0,30.009656940967503,27.86264666744517,15.822705173981376,5,10,100000,sparse,28.334007837342593,28.65378943851402,27.26060462582097,28.509377509395165,26.849016805921323
PredictiveDecorrBSS,truncated,1800,30.0,29.998120365526148,27.39265993992312,14.18676385798608,5,10,100000,sparse,27.454981066829127,27.349576448643,29.11060539441999,27.241654883642195,26.269610107305787
PredictiveDecorrBSS,full,1800,30.0,29.998120365526148,27.397696565168083,15.795288017980056,5,10,100000,sparse,27.462040521221862,27.358488878663778,29.113003535117905,27.24624859685694,26.27181171522374
PredictiveDecorrBSS,truncated,1900,30.0,29.999062029732187,26.575962956433898,14.150387031986611,5,10,100000,sparse,25.332083538825874,25.45734932077196,26.369069496408855,30.341024261905535,27.012116270214563
PredictiveDecorrBSS,full,1900,30.0,29.999062029732187,26.590293700380766,15.684892718010815,5,10,100000,sparse,25.343251640187443,25.476428464407622,26.384394580983596,30.34785174865515,27.026739544386487
PredictiveDecorrBSS,truncated,2000,30.0,30.008903600885432,26.133957704977178,14.09658587098238,5,10,100000,sparse,26.197841493408692,28.534135687303195,25.518241233221246,25.51235761183337,25.589939261538213
PredictiveDecorrBSS,full,2000,30.0,30.008903600885432,26.1383211654101,15.745861684001284,5,10,100000,sparse,26.202033086678775,28.53622821656971,25.5228013709049,25.51632620461493,25.595806257049265
PredictiveDecorrBSS,truncated,2100,30.0,29.98834577444791,26.18156249669746,14.128098008019151,5,10,100000,sparse,25.88993007849906,25.74348103245811,27.092169679568574,27.36635297121611,25.202180674995294
PredictiveDecorrBSS,full,2100,30.0,29.98834577444791,26.18465663262715,15.734522201004438,5,10,100000,sparse,25.89230157637918,25.745474091938192,27.09758671776271,27.371167446356893,25.204309198150465
PredictiveDecorrBSS,truncated,2200,30.0,29.999002380431925,27.132468746126644,14.178019643994048,5,10,100000,sparse,27.977399882146166,26.575320028009088,27.512704774220804,28.052462491739053,25.93557603721201
PredictiveDecorrBSS,full,2200,30.0,29.999002380431925,27.140976232147473,15.754854972998146,5,10,100000,sparse,27.98195346742853,26.59147980907892,27.525544220031513,28.061215848301106,25.93683921754243
PredictiveDecorrBSS,truncated,2300,30.0,30.004347479096563,26.683786118011618,14.183687317010481,5,10,100000,sparse,28.918601551728816,25.348683733291306,27.12152897871185,25.644029713197916,27.254923606217822
PredictiveDecorrBSS,full,2300,30.0,30.004347479096563,26.687958672827516,15.91097063399502,5,10,100000,sparse,28.92065703982428,25.354637203164128,27.125333533604454,25.649433078504163,27.256415993854773
PredictiveDecorrBSS,truncated,2400,30.0,29.99815194457359,28.260836165062052,14.251323834992945,5,10,100000,sparse,28.503511080708886,28.064524858148815,28.246750563260697,28.35484495657164,28.15127114087165
PredictiveDecorrBSS,full,2400,30.0,29.99815194457359,28.26254945142713,16.414416357001755,5,10,100000,sparse,28.50614211386204,28.067110355693,28.24771233778526,28.356430212898612,28.152120357651285
PredictiveDecorrBSS,truncated,2500,30.0,29.988114612524885,26.078988404576076,15.33247471100185,5,10,100000,sparse,27.389685455879103,26.054517967059798,25.918181383467594,27.60334141090496,24.290489643821367
PredictiveDecorrBSS,full,2500,30.0,29.988114612524885,26.085256252562488,17.247426158981398,5,10,100000,sparse,27.397212438000636,26.063405169262698,25.92364758658373,27.614057861048966,24.292887520249682
PredictiveDecorrBSS,truncated,2600,30.0,30.01188715376607,26.41097111194763,15.449483801989118,5,10,100000,sparse,25.826780420602912,27.88006775282003,24.743142690885538,26.44470041364186,28.054791716580777
PredictiveDecorrBSS,full,2600,30.0,30.01188715376607,26.41303835432652,17.22757418800029,5,10,100000,sparse,25.82768519444437,27.883603469925752,24.74602664366622,26.445885362708026,28.05677078656523
PredictiveDecorrBSS,truncated,2700,30.0,29.992319360192354,26.556575840604523,15.480030138976872,5,10,100000,sparse,25.700991981902625,28.15148342885685,26.223009530630325,26.532568835113434,26.557516024339833
PredictiveDecorrBSS,full,2700,30.0,29.992319360192354,26.558839452679422,17.311799454997526,5,10,100000,sparse,25.702505851658533,28.153088058891555,26.224964906918146,26.536211549388405,26.560110469923274
PredictiveDecorrBSS,truncated,2800,30.0,30.000405442860583,27.44676136272789,15.4928130620101,5,10,100000,sparse,27.3095745242218,28.117929394322637,26.28572168360484,28.293232773626272,27.513234354809043
PredictiveDecorrBSS,full,2800,30.0,30.000405442860583,27.45044626357963,17.209881419024896,5,10,100000,sparse,27.312230608187754,28.118312559039296,26.290022806517754,28.301492330152804,27.51630587518401
PredictiveDecorrBSS,truncated,2900,30.0,29.988195522433656,25.74224693151001,15.303748061007354,5,10,100000,sparse,27.828465352248685,26.61438850350541,23.398092938941875,28.361249586530846,24.607349545049196
PredictiveDecorrBSS,full,2900,30.0,29.988195522433656,25.894880453239352,16.524735076993238,5,10,100000,sparse,27.852138821438754,26.617802449411396,23.44453075698594,28.347038259750338,25.148480069015914
PredictiveDecorrBSS,truncated,0,25.0,25.003921877920554,23.036740111473467,15.328355630015722,5,10,100000,sparse,25.171546256569492,25.17361132899014,23.92418417910037,22.145968820496588,20.634060780454732
PredictiveDecorrBSS,full,0,25.0,25.003921877920554,23.2828712336253,17.28867525199894,5,10,100000,sparse,25.194212780541196,25.21191330077405,22.70714902701091,24.477626536171137,20.678742870212172
PredictiveDecorrBSS,truncated,100,25.0,25.010138961086273,23.7107507756345,15.399699488014448,5,10,100000,sparse,25.24809252835682,23.02403321720003,23.40149026285376,23.919533189184868,23.299435400285656
PredictiveDecorrBSS,full,100,25.0,25.010138961086273,23.718149051430064,17.29521255000145,5,10,100000,sparse,25.254756905289014,23.03339616608511,23.407358095301806,23.92949199425309,23.304527639660915
PredictiveDecorrBSS,truncated,200,25.0,25.005513037743047,22.909732995853336,15.417648663016735,5,10,100000,sparse,19.866747837092337,25.062032611128487,24.688154141499684,25.484365527866338,22.33101945526457
PredictiveDecorrBSS,full,200,25.0,25.005513037743047,22.914976271022592,17.26600079901982,5,10,100000,sparse,19.870529808253426,25.068750292702937,24.69676359547116,25.492642437777135,22.33468838592379
PredictiveDecorrBSS,truncated,300,25.0,24.99506176695879,22.60626846447291,15.449969167995732,5,10,100000,sparse,24.368633896342594,26.170400570866757,19.559631614236338,23.552136889278117,22.283684682419516
PredictiveDecorrBSS,full,300,25.0,24.99506176695879,22.61112325088389,17.288294820988085,5,10,100000,sparse,24.37619225068702,26.17865406762737,19.562235637305292,23.555752348691975,22.290594512468257
PredictiveDecorrBSS,truncated,400,25.0,25.001287938126985,21.15230781776477,15.360111651010811,5,10,100000,sparse,22.17344182310326,18.951352261142986,23.281756236794855,23.90504225471745,19.68135164194399
PredictiveDecorrBSS,full,400,25.0,25.001287938126985,21.164864996302203,17.136596659984207,5,10,100000,sparse,22.186600715884104,18.9576580299595,23.287780184781056,23.929243609027765,19.699334131245397
PredictiveDecorrBSS,truncated,500,25.0,25.010303315852916,25.051012031171112,15.32097659399733,5,10,100000,sparse,26.264363630913312,24.140876314992056,25.811417270601495,24.241404069459172,25.186923088131113
PredictiveDecorrBSS,full,500,25.0,25.010303315852916,25.056146566399477,17.191427026002202,5,10,100000,sparse,26.271101447063646,24.144185704092983,25.816740965820586,24.246343356748508,25.193219697030997
PredictiveDecorrBSS,truncated,600,25.0,25.006325528614617,22.82887768357643,14.567643283982761,5,10,100000,sparse,24.299643936353586,19.710735174428052,26.15270669687675,22.109528165606935,25.14611669422601
PredictiveDecorrBSS,full,600,25.0,25.006325528614617,22.834092669813817,16.482065035001142,5,10,100000,sparse,24.30168254564911,19.71545377810925,26.161223468705835,22.113990994376497,25.15582255665677
PredictiveDecorrBSS,truncated,700,25.0,25.003730301313922,22.385343487982684,14.659612557996297,5,10,100000,sparse,21.43463614934187,22.285920309511656,22.71775607742766,25.843163595968235,21.081496084295004
PredictiveDecorrBSS,full,700,25.0,25.003730301313922,22.39367223802408,16.464880269981222,5,10,100000,sparse,21.437766905996924,22.294293320620994,22.723763399559193,25.874338851930077,21.088647449402576
PredictiveDecorrBSS,truncated,800,25.0,24.989045679417256,24.371880936319652,14.605827079998562,5,10,100000,sparse,24.680722274270078,24.18999829507883,25.17960832609213,24.079171316011553,23.861607798744117
PredictiveDecorrBSS,full,800,25.0,24.989045679417256,24.379295827992408,16.01914759000647,5,10,100000,sparse,24.687075434471414,24.19935788916633,25.187746853467257,24.081518198202687,23.87230691271318
PredictiveDecorrBSS,truncated,900,25.0,25.002182752288434,24.12054503962871,14.321551013999851,5,10,100000,sparse,23.271766462514446,24.764853260727016,24.406316843104094,23.32208129011429,25.183943948026478
PredictiveDecorrBSS,full,900,25.0,25.002182752288434,24.12346955479982,15.966240981011651,5,10,100000,sparse,23.274686918175455,24.7680868006446,24.409961751521003,23.322809849055165,25.189069187562723
PredictiveDecorrBSS,truncated,1000,25.0,24.994152030972515,25.282526255256464,14.748715078982059,5,10,100000,sparse,26.261487249548612,23.92541705837045,24.869459161426644,25.99778692681515,25.791414132384517
PredictiveDecorrBSS,full,1000,25.0,24.994152030972515,25.287098208997207,16.38250213599531,5,10,100000,sparse,26.2664955454475,23.92722691626136,24.8750802732865,26.001625687769216,25.799279331523355
PredictiveDecorrBSS,truncated,1100,25.0,24.992314889600713,23.7207943237081,14.736764966015471,5,10,100000,sparse,26.436912584599597,23.94997049106874,24.185437435696834,23.34351849685151,21.900486901167113
PredictiveDecorrBSS,full,1100,25.0,24.992314889600713,23.729243524937292,16.45953315999941,5,10,100000,sparse,26.446489239642723,23.960377180948203,24.1939513496379,23.35769756283899,21.903243229381243
PredictiveDecorrBSS,truncated,1200,25.0,25.001005455777722,20.62040471912662,14.630399992980529,5,10,100000,sparse,22.584085654121694,17.94438048427226,21.332564697360894,24.24593160528198,19.718564627139077
PredictiveDecorrBSS,full,1200,25.0,25.001005455777722,20.963747166162932,16.398570493009174,5,10,100000,sparse,23.14919127097028,18.210039843565955,21.47816796596259,26.204199558268915,19.745322698276517
PredictiveDecorrBSS,truncated,1300,25.0,25.00500816302031,23.82870447782701,14.732302966993302,5,10,100000,sparse,23.762419984722,23.052718606791764,23.413571527611555,24.142055909251642,25.022769547149743
PredictiveDecorrBSS,full,1300,25.0,25.00500816302031,23.832768669462723,16.438455739000347,5,10,100000,sparse,23.76655286719654,23.055247000257026,23.41630163442364,24.14666796793986,25.030406333030285
PredictiveDecorrBSS,truncated,1400,25.0,25.007978380004637,23.643479717603615,14.55713093400118,5,10,100000,sparse,24.73942352998517,23.094372637127975,23.606603548652657,23.711838808900367,23.259899905282445
PredictiveDecorrBSS,full,1400,25.0,25.007978380004637,23.6491822816652,16.458541730011348,5,10,100000,sparse,24.74837687331547,23.09821508847429,23.613695486653118,23.718168194722065,23.26340190138702
PredictiveDecorrBSS,truncated,1500,25.0,24.976111224175668,24.817527148161048,14.677071757003432,5,10,100000,sparse,22.740664935018202,24.662689133989154,28.75792062185836,23.69580329421835,26.576394894953765
PredictiveDecorrBSS,full,1500,25.0,24.976111224175668,24.8226693650092,16.47539685497759,5,10,100000,sparse,22.743299607289767,24.67227714815444,28.760500513685496,23.699191461423194,26.585639161504297
PredictiveDecorrBSS,truncated,1600,25.0,24.99566342942844,21.645719494446467,14.602047577005578,5,10,100000,sparse,25.15094244196802,23.806157696595015,20.10184798529725,19.547922453108466,22.07171170039858
PredictiveDecorrBSS,full,1600,25.0,24.99566342942844,21.6509320174748,15.744018205994507,5,10,100000,sparse,25.20012224228648,23.82859044157201,20.108151686041698,19.54935902709948,22.049210401531752
PredictiveDecorrBSS,truncated,1700,25.0,25.009656940967503,24.882458206638507,14.601261703995988,5,10,100000,sparse,24.065268735761546,27.105678441128077,24.982430997221172,25.765835090098935,23.41327624014252
PredictiveDecorrBSS,full,1700,25.0,25.009656940967503,24.89258983839584,16.079878090007696,5,10,100000,sparse,24.069853889464166,27.125845201004818,24.99604595005788,25.777318474781723,23.420708843666983
PredictiveDecorrBSS,truncated,1800,25.0,24.998120365526148,24.299488589846195,14.357746064983075,5,10,100000,sparse,25.165333156017105,25.50327164567749,25.194876785795124,23.72143690697996,22.63904931497851
PredictiveDecorrBSS,full,1800,25.0,24.998120365526148,24.307452449423725,15.866503819008358,5,10,100000,sparse,25.175081630770528,25.521021752479417,25.200312813045382,23.7277036432927,22.64368610122281
PredictiveDecorrBSS,truncated,1900,25.0,24.999062029732187,23.384714522853784,14.191831549018389,5,10,100000,sparse,21.74084834180878,23.168853690305937,23.919338646558796,23.841557605601743,24.917826261300952
PredictiveDecorrBSS,full,1900,25.0,24.999062029732187,23.667052067635964,15.97891405201517,5,10,100000,sparse,21.20739148734237,23.274939318263144,23.971875867584927,26.964475508985238,24.986306029654003
PredictiveDecorrBSS,truncated,2000,25.0,25.008903600885432,23.39187919547922,14.261319388984703,5,10,100000,sparse,23.0486699635123,24.69841559657595,22.982500418325703,22.61650893193082,23.93087976296838
PredictiveDecorrBSS,full,2000,25.0,25.008903600885432,23.398556672168922,15.952998617984122,5,10,100000,sparse,23.05457283677115,24.70062655169883,22.990813192652396,22.622655461733856,23.94093487494664
PredictiveDecorrBSS,truncated,2100,25.0,24.98834577444791,22.89348870620284,14.283864756987896,5,10,100000,sparse,22.6461957948953,22.88843355203096,24.162586838831338,24.513444129529113,21.11505120060199
PredictiveDecorrBSS,full,2100,25.0,24.98834577444791,22.89963416867352,15.928266236995114,5,10,100000,sparse,22.652149194716937,22.895953288907954,24.170974594341118,24.522582119591693,21.11793346170101
PredictiveDecorrBSS,truncated,2200,25.0,24.999002380431925,24.70025898731286,14.307423749996815,5,10,100000,sparse,25.868344081206324,23.934578303653844,24.512238918895385,25.81133291810925,23.807122589453044
PredictiveDecorrBSS,full,2200,25.0,24.999002380431925,24.703634318209456,15.950598437018925,5,10,100000,sparse,25.872364673868006,23.936619389663328,24.51539461514722,25.81570356199995,23.81094244628845
PredictiveDecorrBSS,truncated,2300,25.0,25.00434747909656,23.091316253263628,14.347362301021349,5,10,100000,sparse,24.593487002656712,22.029392980234984,23.71136312110444,22.382542577951,23.187284905680308
PredictiveDecorrBSS,full,2300,25.0,25.00434747909656,23.10073624768345,15.987786671001231,5,10,100000,sparse,24.597737573511907,22.040965710872598,23.722772858466424,22.395403247838694,23.19180891124072
PredictiveDecorrBSS,truncated,2400,25.0,24.99815194457359,24.93126667398363,14.256253783009015,5,10,100000,sparse,25.902822603131632,25.523042453661382,24.573870396438906,25.009862582518622,23.93763538657092
PredictiveDecorrBSS,full,2400,25.0,24.99815194457359,24.93522653632271,16.02851059101522,5,10,100000,sparse,25.908053769982352,25.53001935668352,24.57727595271995,25.0130703774265,23.939769609830304
PredictiveDecorrBSS,truncated,2500,25.0,24.988114612524885,22.91056347761954,14.311232392996317,5,10,100000,sparse,24.660082262934303,23.286728910823015,22.691651301941647,25.291386895635938,20.40553414053012
PredictiveDecorrBSS,full,2500,25.0,24.988114612524885,22.91959899743267,15.924418037000578,5,10,100000,sparse,24.675807843185503,23.298678618068248,22.69840520663477,25.306170183759008,20.41007791228866
PredictiveDecorrBSS,truncated,2600,25.0,25.01188715376607,22.741519019067013,14.237844293005764,5,10,100000,sparse,21.52057615256039,25.26922450839418,20.89591821788641,22.737107184770547,25.031844677657844
PredictiveDecorrBSS,full,2600,25.0,25.01188715376607,22.745525369555082,15.919069169991417,5,10,100000,sparse,21.52184774902561,25.278211233107694,20.899652644207766,22.740745601519315,25.038547329943523
PredictiveDecorrBSS,truncated,2700,25.0,24.992319360192354,24.44535883803581,14.23210735997418,5,10,100000,sparse,23.476552317691947,24.75059722647595,23.9045161786075,25.010674110658474,25.401776892238477
PredictiveDecorrBSS,full,2700,25.0,24.992319360192354,24.450182009265376,15.92230326202116,5,10,100000,sparse,23.479926214197032,24.752694327639723,23.90999837681393,25.01702081879687,25.40944558959337
PredictiveDecorrBSS,truncated,2800,25.0,25.00040544286058,24.55602783498396,14.269880409003235,5,10,100000,sparse,23.90248781471319,25.081610995336433,23.199410895662265,26.3644021574995,24.882865829300837
PredictiveDecorrBSS,full,2800,25.0,25.00040544286058,24.562966785103054,16.001214519987116,5,10,100000,sparse,23.905809015601974,25.08481450415204,23.207450788662,26.378421985129158,24.89135597842401
PredictiveDecorrBSS,truncated,2900,25.0,24.988195522433656,22.322889935651613,14.328817700996296,5,10,100000,sparse,24.03071685323716,22.87571515913899,19.76478054614488,24.68582229668788,22.069307579088523
PredictiveDecorrBSS,full,2900,25.0,24.988195522433656,22.330833319303615,15.712530026998138,5,10,100000,sparse,24.03709138690242,22.885121022779906,19.77196726162846,24.69598511668353,22.077098341935052
PredictiveDecorrBSS,truncated,0,20.0,20.003921877920554,19.66355674005794,14.053363298007753,5,10,100000,sparse,22.807944713176855,21.37954041246987,20.803692674385843,19.319513629029412,16.658538472226866
PredictiveDecorrBSS,full,0,20.0,20.003921877920554,19.665948094113958,15.897490217990708,5,10,100000,sparse,22.810859537211527,21.381145715508584,20.806020032770963,19.32471841093864,16.659551845683666
PredictiveDecorrBSS,truncated,100,20.0,20.01013896108627,20.068144946134847,14.264598154986743,5,10,100000,sparse,21.429556554283295,19.424664195500746,19.629632028623377,20.487180311068244,19.67709401536745
PredictiveDecorrBSS,full,100,20.0,20.01013896108627,20.072548326118675,15.884950063016731,5,10,100000,sparse,21.435104929081362,19.42981306298949,19.632624994907033,20.492015812068626,19.68102875318067
PredictiveDecorrBSS,truncated,200,20.0,20.005513037743047,18.930441550542067,14.15385216800496,5,10,100000,sparse,15.705169630746106,21.077959416499755,21.507405070643642,22.545718320230552,17.850535299944564
PredictiveDecorrBSS,full,200,20.0,20.005513037743047,18.933171876771645,15.811715525982436,5,10,100000,sparse,15.707696987999222,21.080753083688165,21.510326530744756,22.551722257383698,17.85238490517484
PredictiveDecorrBSS,truncated,300,20.0,19.99506176695879,19.005855608383936,14.127954721974675,5,10,100000,sparse,20.03184908136495,23.374213604977335,15.311303725805116,19.711855657255583,20.808027980905987
PredictiveDecorrBSS,full,300,20.0,19.99506176695879,19.01022507245982,15.818413416011026,5,10,100000,sparse,20.042056138230713,23.382189362722883,15.313861107629844,19.714171158851475,20.812454432543262
PredictiveDecorrBSS,truncated,400,20.0,20.001287938126985,17.213789212605736,14.14853013199172,5,10,100000,sparse,18.1371175362014,14.631481689767424,18.86680771122181,20.620693353136737,16.28401424655065
PredictiveDecorrBSS,full,400,20.0,20.001287938126985,17.223661898410057,15.822730640997179,5,10,100000,sparse,18.146819736041813,14.637634903757256,18.874115432894975,20.63260239936011,16.30000943394152
PredictiveDecorrBSS,truncated,500,20.0,20.010303315852916,22.041258282677504,14.323923797986936,5,10,100000,sparse,23.694223934806175,20.758217450942404,22.362070107515045,21.410168035828843,22.557570636545773
PredictiveDecorrBSS,full,500,20.0,20.010303315852916,22.04304091666449,16.074943732004613,5,10,100000,sparse,23.695543737316704,20.76029022792639,22.362584482578836,21.41280302975712,22.55951547439833
PredictiveDecorrBSS,truncated,600,20.0,20.006325528614617,19.222379633535155,14.324262225010898,5,10,100000,sparse,20.135499415346494,15.886242450421978,23.924230288480093,18.471587201953813,22.22742927728598
PredictiveDecorrBSS,full,600,20.0,20.006325528614617,19.226511451258094,15.845520525006577,5,10,100000,sparse,20.13741840281465,15.890115893939523,23.93423057431148,18.476149422712002,22.231292044554003
PredictiveDecorrBSS,truncated,700,20.0,20.003730301313922,18.30676181674101,14.29353883798467,5,10,100000,sparse,16.937872958014584,17.953621113005426,18.4745575035604,23.156589727997464,17.340521432832944
PredictiveDecorrBSS,full,700,20.0,20.003730301313922,18.311454714475552,15.880475587007822,5,10,100000,sparse,16.941703859962725,17.956404713554562,18.477218406490458,23.162440230459545,17.3490986226107
PredictiveDecorrBSS,truncated,800,20.0,19.989045679417256,20.991286575141437,14.223657186987111,5,10,100000,sparse,22.164424566865726,21.300985341969284,21.847116356169526,19.624394537865783,20.52280042391533
PredictiveDecorrBSS,full,800,20.0,19.989045679417256,20.995310654597688,17.150601029978134,5,10,100000,sparse,22.171169321226586,21.30520440344823,21.85153682536255,19.626419309215276,20.526967155868697
PredictiveDecorrBSS,truncated,900,20.0,20.002182752288434,20.207736893943636,16.377538800006732,5,10,100000,sparse,18.902622783312104,21.006870920983637,21.10807343796182,18.586924215467086,22.80250698721206
PredictiveDecorrBSS,full,900,20.0,20.002182752288434,20.210058621292223,20.433282748999773,5,10,100000,sparse,18.90289290147833,21.009956794806133,21.113135928133794,18.587422625727207,22.809490965991234
PredictiveDecorrBSS,truncated,1000,20.0,19.99415203097251,21.769942271476104,18.395431395998457,5,10,100000,sparse,23.090321449318637,19.439930833358126,22.140057484459888,21.875520217489854,23.59594739654481
PredictiveDecorrBSS,full,1000,20.0,19.99415203097251,21.770879503785586,20.477990161976777,5,10,100000,sparse,23.092078785509,19.440299032470882,22.14176601850433,21.87570390493272,23.597497847765933
PredictiveDecorrBSS,truncated,1100,20.0,19.992314889600713,20.32333088439701,18.919472462002886,5,10,100000,sparse,23.121483673495646,20.85265823051011,21.15460256544668,20.3857588740637,17.845590548326324
PredictiveDecorrBSS,full,1100,20.0,19.992314889600713,20.327346444788414,20.96645451299264,5,10,100000,sparse,23.123466742929946,20.857464243572682,21.16085171761298,20.391350403680164,17.84790830291541
PredictiveDecorrBSS,truncated,1200,20.0,20.001005455777722,16.704015493408495,17.207538724003825,5,10,100000,sparse,20.096120728393167,13.536969030080865,17.7598057452959,22.26110421954086,15.215958333918769
PredictiveDecorrBSS,full,1200,20.0,20.001005455777722,16.684698012064448,20.64065923698945,5,10,100000,sparse,20.051765199761387,13.544832930572303,17.749052102859107,22.023367978223476,15.204342350773555
PredictiveDecorrBSS,truncated,1300,20.0,20.00500816302031,20.28572908568858,18.936069836985553,5,10,100000,sparse,20.64245525257189,19.183083620454646,19.359437017206183,20.503465084249555,22.48545991281736
PredictiveDecorrBSS,full,1300,20.0,20.00500816302031,20.28928514176318,20.279474236012902,5,10,100000,sparse,20.651257783410593,19.185857465913006,19.36137624763816,20.5053111441368,22.48871913405528
PredictiveDecorrBSS,truncated,1400,20.0,20.007978380004637,20.310940970245383,18.328155766997952,5,10,100000,sparse,22.585232746767772,18.920062633262084,20.460555113319923,20.890818492511613,19.580383071110372
PredictiveDecorrBSS,full,1400,20.0,20.007978380004637,20.315831229665477,20.930937359982636,5,10,100000,sparse,22.598035507437054,18.92156710544727,20.46669510863274,20.894959884923317,19.58483866331846
PredictiveDecorrBSS,truncated,1500,20.0,19.976111224175664,21.065333683519043,18.365925805002917,5,10,100000,sparse,19.13151541029607,21.392085224876233,23.909291264518654,19.45905196452417,23.57908183144632
PredictiveDecorrBSS,full,1500,20.0,19.976111224175664,21.07982777481409,21.00130631501088,5,10,100000,sparse,19.15220933626579,21.40049080383337,23.928147960704976,19.4664485497236,23.600203041658734
PredictiveDecorrBSS,truncated,1600,20.0,19.995663429428443,17.815307123743697,16.12373231697711,5,10,100000,sparse,24.586322852044443,20.796018198711415,15.652247229526218,15.558943784410333,17.956251278716465
PredictiveDecorrBSS,full,1600,20.0,19.995663429428443,17.821947579469647,18.143021297000814,5,10,100000,sparse,24.623127431675698,20.813763902068985,15.65528990092524,15.566409825008536,17.955401626697952
PredictiveDecorrBSS,truncated,1700,20.0,20.009656940967503,21.451133510100313,15.37167903201771,5,10,100000,sparse,19.99915374367157,23.64236824709984,21.764666965163,22.242413290769303,20.532067787064747
PredictiveDecorrBSS,full,1700,20.0,20.009656940967503,21.455133063820515,15.658537184994202,5,10,100000,sparse,20.00090708554179,23.64305338295989,21.768791442371395,22.24535709587668,20.540882649421736
PredictiveDecorrBSS,truncated,1800,20.0,19.998120365526148,20.873607292571617,14.165343214990571,5,10,100000,sparse,21.840997980897413,23.657958713763794,21.872888246177936,19.63790677402722,18.97716648541553
PredictiveDecorrBSS,full,1800,20.0,19.998120365526148,20.876942448746114,15.643522248021327,5,10,100000,sparse,21.84306226386452,23.663909700949674,21.880391763010834,19.639071765370545,18.98000418457289
PredictiveDecorrBSS,truncated,1900,20.0,19.999062029732187,20.30845082656548,14.134359243995277,5,10,100000,sparse,17.427484641377923,20.656047386723266,20.87231963398926,22.004730368247742,22.720478240656536
PredictiveDecorrBSS,full,1900,20.0,19.999062029732187,20.309050168749806,15.5870785919833,5,10,100000,sparse,17.426252814932635,20.660406678828444,20.87414424749486,22.000676600542874,22.724911695970217
PredictiveDecorrBSS,truncated,2000,20.0,20.008903600885432,19.83221569676961,14.089529315999243,5,10,100000,sparse,19.40322493230746,20.245101726482826,20.33314843270132,19.02197876299919,20.331956865702363
PredictiveDecorrBSS,full,2000,20.0,20.008903600885432,19.834295366619553,15.757046751998132,5,10,100000,sparse,19.40560971464407,20.245583721271064,20.337818857279505,19.023826889609964,20.33299924913851
PredictiveDecorrBSS,truncated,2100,20.0,19.98834577444791,19.39510780248448,14.009429755009478,5,10,100000,sparse,18.860349093607127,20.185759108568618,21.015257264319477,22.167689029914648,16.792605174518027
PredictiveDecorrBSS,full,2100,20.0,19.98834577444791,19.399426882680114,15.602786492992891,5,10,100000,sparse,18.865303734132524,20.18923523892201,21.0206489899591,22.17912280467707,16.79445463330324
PredictiveDecorrBSS,truncated,2200,20.0,19.99900238043192,20.50190225190812,14.090046591998544,5,10,100000,sparse,21.64125089382893,19.66452957351139,20.017735896970127,21.85706374850382,19.81103307010004
PredictiveDecorrBSS,full,2200,20.0,19.99900238043192,20.50261173928387,15.627980024000863,5,10,100000,sparse,21.641858006076685,19.665735265884514,20.017995072664174,21.858225720184006,19.811442042735713
PredictiveDecorrBSS,truncated,2300,20.0,20.00434747909656,19.761791125155227,14.07608089898713,5,10,100000,sparse,20.414365401552047,18.711670991474257,21.372769185172626,19.67829167549818,19.1112002587787
PredictiveDecorrBSS,full,2300,20.0,20.00434747909656,19.77047323371065,15.727743178984383,5,10,100000,sparse,20.41878675925094,18.71867243042123,21.39294750772678,19.69115871154005,19.114407809320948
PredictiveDecorrBSS,truncated,2400,20.0,19.99815194457359,21.5493788110443,14.091300945001421,5,10,100000,sparse,22.868050528959426,23.316551551303505,21.234684175514094,21.466450083211353,19.793011012365664
PredictiveDecorrBSS,full,2400,20.0,19.99815194457359,21.552079905832482,15.630593990004854,5,10,100000,sparse,22.870786836046705,23.321019032064207,21.238291284229057,21.468423664318742,19.794747984521038
PredictiveDecorrBSS,truncated,2500,20.0,19.988114612524885,19.348226535038602,14.020294182992075,5,10,100000,sparse,22.45078414989422,19.622305542218346,18.857069590509788,22.0235219929057,16.548923483933272
PredictiveDecorrBSS,full,2500,20.0,19.988114612524885,19.352403507832253,15.611875660979422,5,10,100000,sparse,22.46215753829663,19.625886806994515,18.859105659785453,22.02685226556448,16.55306882647157
PredictiveDecorrBSS,truncated,2600,20.0,20.01188715376607,19.100767909361892,13.950443297013408,5,10,100000,sparse,17.02339400249538,23.541556079280106,16.943195459570394,19.2623705972299,22.80436386544025
PredictiveDecorrBSS,full,2600,20.0,20.01188715376607,19.104131018372644,15.62151013899711,5,10,100000,sparse,17.023940908851024,23.55183199318845,16.94578631358118,19.266877792193384,22.812899188799022
PredictiveDecorrBSS,truncated,2700,20.0,19.99231936019235,21.318130989632685,14.059922556014499,5,10,100000,sparse,19.625884413633244,20.536830181435242,22.249694639383335,22.215831998182818,22.854149398026102
PredictiveDecorrBSS,full,2700,20.0,19.99231936019235,21.318906837510095,15.718377623998094,5,10,100000,sparse,19.62624084737851,20.536908388373117,22.250979334410008,22.217372671546556,22.855529675903583
PredictiveDecorrBSS,truncated,2800,20.0,20.000405442860583,21.018428282080066,14.218189250997966,5,10,100000,sparse,19.629488828152052,20.973084917727604,20.319341939521035,23.282001046018937,21.761711170813403
PredictiveDecorrBSS,full,2800,20.0,20.000405442860583,21.02087501604652,15.738843107013963,5,10,100000,sparse,19.630070010917912,20.97380257550946,20.32439020451768,23.28453735647024,21.765647859536166
PredictiveDecorrBSS,truncated,2900,20.0,19.988195522433656,18.50236634631143,14.230251325992867,5,10,100000,sparse,20.26348828439021,18.92669518115994,15.689773960221544,21.559646516966314,18.422439693302476
PredictiveDecorrBSS,full,2900,20.0,19.988195522433656,18.50969461165411,15.674909263005247,5,10,100000,sparse,20.271107747893417,18.932944011338112,15.695458616269462,21.576805348246072,18.42886975429756
PredictiveDecorrBSS,truncated,0,15.0,15.003921877920552,15.39507332275058,13.936927547998494,5,10,100000,sparse,18.502529217282873,16.595545960168504,16.183393626132787,16.612951647563413,12.023605015443353
PredictiveDecorrBSS,full,0,15.0,15.003921877920552,15.395855613124219,15.455874283012236,5,10,100000,sparse,18.503317743313193,16.59619412495999,16.184244028278524,16.616156612519045,12.023555317466862
PredictiveDecorrBSS,truncated,100,15.0,15.01013896108627,15.529370145311095,13.929938537999988,5,10,100000,sparse,17.058545485683766,14.854572375365914,15.020222886642598,15.89325293058949,15.179971726946997
PredictiveDecorrBSS,full,100,15.0,15.01013896108627,15.530075489968137,15.451041886000894,5,10,100000,sparse,17.060104959007788,14.855175421352042,15.020812264736671,15.893654658953391,15.18061177194021
PredictiveDecorrBSS,truncated,200,15.0,15.005513037743047,14.37170054152568,13.833102353994036,5,10,100000,sparse,11.292884012233099,16.36206805221634,16.854509651781814,18.126553844543334,13.127433779892543
PredictiveDecorrBSS,full,200,15.0,15.005513037743047,14.372479893588219,15.449685305997264,5,10,100000,sparse,11.293674098009745,16.362430257535824,16.85543869134629,18.127617474283912,13.128239114254473
PredictiveDecorrBSS,truncated,300,15.0,14.995061766958793,14.553078422989596,13.86076217298978,5,10,100000,sparse,16.374451720100357,18.876475617137586,10.736580812839913,14.97615455171984,16.321990997624223
PredictiveDecorrBSS,full,300,15.0,14.995061766958793,14.553860405421508,15.281084093992831,5,10,100000,sparse,16.37501078564426,18.88260643510085,10.736833534940242,14.976408248636922,16.32266794808076
PredictiveDecorrBSS,truncated,400,15.0,15.001287938126984,13.116842247520108,13.679459274018882,5,10,100000,sparse,13.938930374287537,10.579039672955737,14.364485992250213,16.190267705555783,12.56231795039733
PredictiveDecorrBSS,full,400,15.0,15.001287938126984,13.124650032122997,15.194402351015015,5,10,100000,sparse,13.94693439535999,10.583687498563703,14.368719589086908,16.191925096943837,12.57986566844826
PredictiveDecorrBSS,truncated,500,15.0,15.010303315852918,17.318841652742293,14.031679361010902,5,10,100000,sparse,18.86432667415506,16.146346529116133,17.442497492243348,16.805249678577496,17.817440869785088
PredictiveDecorrBSS,full,500,15.0,15.010303315852918,17.31891770857907,15.573128429998178,5,10,100000,sparse,18.86435065002458,16.146487475429524,17.442571569029973,16.805329906806353,17.817458793922544
PredictiveDecorrBSS,truncated,600,15.0,15.006325528614619,14.787705602698583,13.873564716021065,5,10,100000,sparse,15.48297290865673,11.51357086017282,19.962004208887585,14.056146562197789,17.54932542788762
PredictiveDecorrBSS,full,600,15.0,15.006325528614619,14.783698226194142,15.379439284006367,5,10,100000,sparse,15.480444685262258,11.509441840342484,19.960016102415274,14.04828551905004,17.550867545941205
PredictiveDecorrBSS,truncated,700,15.0,15.003730301313922,13.903221756184456,13.727274876000592,5,10,100000,sparse,12.590077682932982,13.227693374737814,13.921050246680085,18.35781703361571,13.418867640103347
PredictiveDecorrBSS,full,700,15.0,15.003730301313922,13.905721608393506,15.270912150997901,5,10,100000,sparse,12.593888659511215,13.227992499741783,13.922252255670603,18.35847563756785,13.423834789893597
PredictiveDecorrBSS,truncated,800,15.0,14.989045679417256,16.449505695748083,13.962348795001162,5,10,100000,sparse,18.123035947070576,16.786112025454866,17.304343412985716,14.898721433156064,15.871083972563767
PredictiveDecorrBSS,full,800,15.0,14.989045679417256,16.449834389440028,15.492207520001102,5,10,100000,sparse,18.12365102851481,16.786540914280835,17.304697179081373,14.89893361103665,15.871290586832076
PredictiveDecorrBSS,truncated,900,15.0,15.002182752288437,15.683986217434171,13.951385282998672,5,10,100000,sparse,14.139377727924312,16.542880226153432,16.991176162483494,13.833777974728312,18.88292293175726
PredictiveDecorrBSS,full,900,15.0,15.002182752288437,15.684525606398678,15.434080975013785,5,10,100000,sparse,14.13944062111872,16.5438986521638,16.992348651059398,13.833975743122217,18.88418006511326
PredictiveDecorrBSS,truncated,1000,15.0,14.994152030972511,16.953136721675396,13.93589501301176,5,10,100000,sparse,18.36654802025087,14.58269235473664,17.425772395410913,16.963125825857816,18.784592741436377
PredictiveDecorrBSS,full,1000,15.0,14.994152030972511,16.953195810944123,15.500389220978832,5,10,100000,sparse,18.366722999087347,14.582720432798888,17.42585329768555,16.963070448307388,18.78475019631713
PredictiveDecorrBSS,truncated,1100,15.0,14.992314889600715,15.767846580196519,13.914447921997635,5,10,100000,sparse,18.260485529398455,16.378227426709724,16.832474164641106,15.865881601888773,13.218868581412128
PredictiveDecorrBSS,full,1100,15.0,14.992314889600715,15.768302448471898,15.514035903994227,5,10,100000,sparse,18.260604781088826,16.379075574106395,16.833409136152284,15.866318274859307,13.219044568127043
PredictiveDecorrBSS,truncated,1200,15.0,15.001005455777719,12.240549078419669,13.497948976990301,5,10,100000,sparse,15.388808839601628,9.173256252332472,13.094800792378322,17.94872895490706,10.775083120719763
PredictiveDecorrBSS,full,1200,15.0,15.001005455777719,12.244592711870867,14.99615759999142,5,10,100000,sparse,15.391413130848226,9.179407063984453,13.096145581859268,17.9514531189379,10.778416119430368
PredictiveDecorrBSS,truncated,1300,15.0,15.00500816302031,16.01959560124925,13.957851479004603,5,10,100000,sparse,18.186749284468412,14.707538691492433,14.7667082657744,15.81303756787602,17.83953581940013
PredictiveDecorrBSS,full,1300,15.0,15.00500816302031,16.02080844981594,15.37305157497758,5,10,100000,sparse,18.194434048070477,14.70798063078055,14.76705170157999,15.813454415039976,17.839411822328888
PredictiveDecorrBSS,truncated,1400,15.0,15.007978380004637,16.03530060707956,13.903938566014403,5,10,100000,sparse,19.284202482714623,14.176587980477766,16.25780472213644,16.448841733890042,15.519925071001065
PredictiveDecorrBSS,full,1400,15.0,15.007978380004637,16.03634219310409,15.45641837202129,5,10,100000,sparse,19.287340235446475,14.176708430484808,16.259024412691964,16.449019351238235,15.52189798710466
PredictiveDecorrBSS,truncated,1500,15.0,14.976111224175668,16.31983506069889,13.961312619998353,5,10,100000,sparse,14.466766040958941,16.637470346208367,18.990980335527325,14.670613731029746,18.900808469538322
PredictiveDecorrBSS,full,1500,15.0,14.976111224175668,16.318792278431147,15.479560498992214,5,10,100000,sparse,14.463268189327206,16.637302179559164,18.990442738405143,14.67088676605076,18.901203317521787
PredictiveDecorrBSS,truncated,1600,15.0,14.995663429428443,13.40750828025441,13.644210079015465,5,10,100000,sparse,20.715988394469402,16.821645369204163,11.07849216253819,11.171756653011887,13.478632650112852
PredictiveDecorrBSS,full,1600,15.0,14.995663429428443,13.408803393036557,15.150503676006338,5,10,100000,sparse,20.718097378547974,16.82657612006613,11.078850036848936,11.172894893318876,13.4799897043694
PredictiveDecorrBSS,truncated,1700,15.0,15.009656940967504,17.015296767894828,13.984570431988686,5,10,100000,sparse,15.591942908618678,18.689347842093255,17.21320846907547,17.5698697330496,16.616430660562575
PredictiveDecorrBSS,full,1700,15.0,15.009656940967504,17.016294525658573,15.59546325300471,5,10,100000,sparse,15.59329277513636,18.689559170600475,17.213769337141663,17.570301154755203,16.61830592528719
PredictiveDecorrBSS,truncated,1800,15.0,14.998120365526146,16.320211874959128,13.932197790010832,5,10,100000,sparse,17.03772079732124,19.058363197912914,18.001887069772966,14.829449966470229,14.475745101635054
PredictiveDecorrBSS,full,1800,15.0,14.998120365526146,16.320693278580706,15.578692483017221,5,10,100000,sparse,17.037809805551838,19.058564259453284,18.004342701696924,14.829458106313279,14.476104734499662
PredictiveDecorrBSS,truncated,1900,15.0,14.999062029732189,15.79826119419139,13.835833016986726,5,10,100000,sparse,12.7507904551295,16.160911449620514,16.178427673827514,18.41124114789817,18.08253691122325
PredictiveDecorrBSS,full,1900,15.0,14.999062029732189,15.79925058315209,15.275864469993394,5,10,100000,sparse,12.75248509626186,16.1620545244637,16.17858778152599,18.41146100638834,18.082860476845354
PredictiveDecorrBSS,truncated,2000,15.0,15.008903600885429,15.161895611239338,13.828863671020372,5,10,100000,sparse,14.749347415377326,15.4733411811666,15.901928466051388,14.309805666711238,15.570016505968724
PredictiveDecorrBSS,full,2000,15.0,15.008903600885429,15.161887327292378,15.424581212981138,5,10,100000,sparse,14.749239186695702,15.47330293909348,15.902469786585513,14.309746740333068,15.569717043938011
PredictiveDecorrBSS,truncated,2100,15.0,14.988345774447913,14.88093933051168,13.894804782990832,5,10,100000,sparse,14.407337500156885,15.540385343087378,16.4552527319385,18.18893346251558,12.175105301097314
PredictiveDecorrBSS,full,2100,15.0,14.988345774447913,14.881624454168163,15.419375561992638,5,10,100000,sparse,14.408044108636398,15.540944597018871,16.45611559309822,18.19138500207619,12.17532790195733
PredictiveDecorrBSS,truncated,2200,15.0,14.999002380431923,15.701555351349407,13.944699162995676,5,10,100000,sparse,16.780232318542424,14.971790638980531,15.182734187771027,16.950163139603394,15.042276755410843
PredictiveDecorrBSS,full,2200,15.0,14.999002380431923,15.70193342702031,15.537243720988045,5,10,100000,sparse,16.780482223483556,14.972446239676124,15.183074158483523,16.950762575445985,15.042353182450999
PredictiveDecorrBSS,truncated,2300,15.0,15.00434747909656,15.57081454089483,13.820120054995641,5,10,100000,sparse,15.906379308547258,14.29423427688423,18.48382423000504,15.723432557500434,14.563116723431317
PredictiveDecorrBSS,full,2300,15.0,15.00434747909656,15.573217838726531,15.407009615999414,5,10,100000,sparse,15.90785809727558,14.295165186165331,18.494551656561104,15.726194160092827,14.564103671815909
PredictiveDecorrBSS,truncated,2400,15.0,14.99815194457359,17.055493187546702,13.98109639500035,5,10,100000,sparse,18.350883565216265,18.861573076813524,16.950703764040917,16.86542896166071,15.219309036657522
PredictiveDecorrBSS,full,2400,15.0,14.99815194457359,17.055786656539574,15.534846244991058,5,10,100000,sparse,18.35116391537738,18.861769747490822,16.95129936454244,16.86553335259242,15.21957516594748
PredictiveDecorrBSS,truncated,2500,15.0,14.988114612524887,14.876432707895603,13.773864707007306,5,10,100000,sparse,18.20754387193149,15.020832248170233,14.135014828352181,17.33046564881686,12.30796576020233
PredictiveDecorrBSS,full,2500,15.0,14.988114612524887,14.877666063028023,15.458235232013976,5,10,100000,sparse,18.208234312111184,15.022902036119131,14.135814589548252,17.330914960957003,12.309420726613345
PredictiveDecorrBSS,truncated,2600,15.0,15.011887153766072,14.727207231672313,13.843846231000498,5,10,100000,sparse,12.348787620655335,19.748251701396406,12.565284598990637,15.034638278353576,18.860686647160378
PredictiveDecorrBSS,full,2600,15.0,15.011887153766072,14.728451368148367,15.378713205020176,5,10,100000,sparse,12.349812064685405,19.749550582208308,12.566159214518898,15.03697766023521,18.86182487100036
PredictiveDecorrBSS,truncated,2700,15.0,14.992319360192354,16.565100443797395,13.940942179993726,5,10,100000,sparse,14.779677489457011,15.683677360205968,17.914024450534793,17.436449378191902,18.042918733192135
PredictiveDecorrBSS,full,2700,15.0,14.992319360192354,16.56512425168763,15.47662581098848,5,10,100000,sparse,14.779757958742854,15.683696760660188,17.914077744401595,17.43654322040377,18.042716977233496
PredictiveDecorrBSS,truncated,2800,15.0,15.00040544286058,16.3217777570205,13.994789160991786,5,10,100000,sparse,14.81325562892588,16.132190491748364,15.942212846613097,18.471829341155388,17.095411045307337
PredictiveDecorrBSS,full,2800,15.0,15.00040544286058,16.32190459092798,15.502973701019073,5,10,100000,sparse,14.813289126859441,16.132300780273955,15.942469500206478,18.47179048447328,17.09566851378372
PredictiveDecorrBSS,truncated,2900,15.0,14.988195522433658,14.044674192712064,13.801127645012457,5,10,100000,sparse,15.809644221740955,14.365191363665774,11.191903017858742,17.765847750438905,13.835565932038087
PredictiveDecorrBSS,full,2900,15.0,14.988195522433658,14.047039119767737,15.30712774200947,5,10,100000,sparse,15.812693524954948,14.367754331360274,11.19178031983132,17.778613395331803,13.837702033597985
PredictiveDecorrBSS,truncated,0,10.0,10.003921877920552,10.879276019601164,13.333896196010755,5,10,100000,sparse,13.769720745500354,11.892630551090893,11.572429639130121,12.00426881451838,7.699834181567214
PredictiveDecorrBSS,full,0,10.0,10.003921877920552,10.880450553608378,14.861100380978314,5,10,100000,sparse,13.771371563081283,11.893887142963438,11.57522005480077,12.00592329703154,7.700012716481436
PredictiveDecorrBSS,truncated,100,10.0,10.01013896108627,10.928762597543926,13.366812984982971,5,10,100000,sparse,12.445130392061825,10.221928286878164,10.466857855277228,11.234651580475472,10.62242906084931
PredictiveDecorrBSS,full,100,10.0,10.01013896108627,10.928902569060606,14.753612803993747,5,10,100000,sparse,12.445156095691143,10.222205878673394,10.466954586524423,11.234770169706053,10.622557718740126
PredictiveDecorrBSS,truncated,200,10.0,10.005513037743047,9.962800366064318,13.034150075982325,5,10,100000,sparse,7.116275662051288,11.685976480983626,12.199399728086613,13.43912865355316,8.697676569054677
PredictiveDecorrBSS,full,200,10.0,10.005513037743047,9.96361040784471,14.611149000993464,5,10,100000,sparse,7.115800432304852,11.68698952511492,12.201979147762518,13.442284834720674,8.69867810834098
PredictiveDecorrBSS,truncated,300,10.0,9.995061766958793,10.129461064049142,13.154551719984738,5,10,100000,sparse,11.685997489081121,14.554456433536298,6.496346238237591,10.405389317028257,11.678790560857838
PredictiveDecorrBSS,full,300,10.0,9.995061766958793,10.129547298091524,14.646597131009912,5,10,100000,sparse,11.686270067911524,14.55462319854487,6.496306028886964,10.405124965008149,11.679533330924478
PredictiveDecorrBSS,truncated,400,10.0,10.001287938126982,9.215114513722348,12.92595279100351,5,10,100000,sparse,10.06893353355759,6.913274892308162,9.97479717510654,11.571517627060013,8.96200611296014
PredictiveDecorrBSS,full,400,10.0,10.001287938126982,9.226580890450668,14.367395263019716,5,10,100000,sparse,10.081394059020987,6.919594182014067,9.97653750428015,11.57766538331412,8.991357358936234
PredictiveDecorrBSS,truncated,500,10.0,10.010303315852918,12.521960311637493,13.557750314008445,5,10,100000,sparse,14.003478748301447,11.413896666982764,12.617188916091887,12.033030331235917,12.977602828754907
PredictiveDecorrBSS,full,500,10.0,10.010303315852918,12.52198403321394,15.045360567979515,5,10,100000,sparse,14.003546839248083,11.41390065791292,12.617212093040228,12.033087002517519,12.977579707879505
PredictiveDecorrBSS,truncated,600,10.0,10.00632552861462,10.39815897128219,13.217302082979586,5,10,100000,sparse,10.826267821072694,7.375778967024598,15.169563069608866,9.728468664853992,12.743573739247617
PredictiveDecorrBSS,full,600,10.0,10.00632552861462,10.39992140569921,14.664066010998795,5,10,100000,sparse,10.827128272753475,7.376179414988494,15.169526762321333,9.733490542637304,12.745945904235967
PredictiveDecorrBSS,truncated,700,10.0,10.003730301313922,9.689945447783687,13.121232915000292,5,10,100000,sparse,8.606489576447684,8.712161125656852,9.736454354633953,13.54085772665723,9.449429367189433
PredictiveDecorrBSS,full,700,10.0,10.003730301313922,9.690732486010662,14.63394538499415,5,10,100000,sparse,8.607851033754814,8.712583764959037,9.736926279102807,13.541288653556958,9.450385762284332
PredictiveDecorrBSS,truncated,800,10.0,9.989045679417254,11.744885268346344,13.48362421899219,5,10,100000,sparse,13.342368689641916,12.079830805728015,12.531438662218912,10.243729118199047,11.20107354202994
PredictiveDecorrBSS,full,800,10.0,9.989045679417254,11.744929012341746,14.903868732013507,5,10,100000,sparse,13.342256235535174,12.07976013396507,12.531796384777538,10.24376539761478,11.201083129129188
PredictiveDecorrBSS,truncated,900,10.0,10.002182752288437,11.122832495581248,13.31832009399659,5,10,100000,sparse,9.622870173037297,11.972360244208296,12.387070545446814,9.330285039234488,14.09436778268163
PredictiveDecorrBSS,full,900,10.0,10.002182752288437,11.122844774466024,14.924616339994827,5,10,100000,sparse,9.622664640687809,11.972685194707527,12.386996141142767,9.330285699206343,14.09464392027541
PredictiveDecorrBSS,truncated,1000,10.0,9.994152030972511,12.195899069313278,13.524153447011486,5,10,100000,sparse,13.52574544014767,9.935057027129886,12.64388472853047,12.156651649376034,13.945190197282486
PredictiveDecorrBSS,full,1000,10.0,9.994152030972511,12.195902033704156,14.944921748014167,5,10,100000,sparse,13.525883925307056,9.93504400153827,12.643923441312207,12.156564892591714,13.945170697247528
PredictiveDecorrBSS,truncated,1100,10.0,9.992314889600713,11.201235893283958,13.334651940996991,5,10,100000,sparse,13.418749220240676,11.849843279735225,12.203663372649796,11.228476630652672,8.78944403886787
PredictiveDecorrBSS,full,1100,10.0,9.992314889600713,11.201431660229549,14.9136719800008,5,10,100000,sparse,13.418864492392633,11.850304137506615,12.204033709809678,11.228792846104811,8.78939081514757
PredictiveDecorrBSS,truncated,1200,10.0,10.001005455777719,8.221643843245804,12.749063354014652,5,10,100000,sparse,11.05860802503325,5.416567830463546,8.76498241349899,13.499467183604242,6.775700901338382
PredictiveDecorrBSS,full,1200,10.0,10.001005455777719,8.230402732832067,14.082259540009545,5,10,100000,sparse,11.06563244892509,5.431829010841817,8.765340310469437,13.50547176744099,6.782117648269182
PredictiveDecorrBSS,truncated,1300,10.0,10.00500816302031,11.442601512960128,13.352891360002104,5,10,100000,sparse,13.843067888916202,10.12887506413107,10.248119596359,11.151747226767657,13.080033165888258
PredictiveDecorrBSS,full,1300,10.0,10.00500816302031,11.443019747543149,14.863756876002299,5,10,100000,sparse,13.844497519871037,10.129106481316263,10.248313918475635,11.152067828832948,13.080554508570529
PredictiveDecorrBSS,truncated,1400,10.0,10.007978380004634,11.411408359860966,13.349145615007728,5,10,100000,sparse,14.560614112614518,9.588676179051777,11.562884188016707,11.743613975573073,11.01754312613372
PredictiveDecorrBSS,full,1400,10.0,10.007978380004634,11.411470355314375,14.913789105979959,5,10,100000,sparse,14.56073820307144,9.58865856575358,11.562851428651193,11.743521251220063,11.017903404562961
PredictiveDecorrBSS,truncated,1500,10.0,9.976111224175666,11.621835953790907,13.368923497997457,5,10,100000,sparse,9.840873463524385,11.874802342897286,14.16024132482561,10.042608134015767,14.069402968023748
PredictiveDecorrBSS,full,1500,10.0,9.976111224175666,11.621806199921558,14.897031589003745,5,10,100000,sparse,9.840678394119564,11.874940465016747,14.160372963066841,10.042432309646417,14.069734930213018
PredictiveDecorrBSS,truncated,1600,10.0,9.995663429428442,9.169538517783757,12.921354530990357,5,10,100000,sparse,15.917518212003634,12.384082196735601,6.925828732671039,7.061534877957111,9.094131922637425
PredictiveDecorrBSS,full,1600,10.0,9.995663429428442,9.170090904580675,14.42180410400033,5,10,100000,sparse,15.917977420790466,12.38667010610791,6.926153240211454,7.061291228518936,9.095375088337995
PredictiveDecorrBSS,truncated,1700,10.0,10.009656940967503,12.28350715761776,13.532014803990023,5,10,100000,sparse,10.948357676947234,13.8291025913664,12.450791635091988,12.762563631845182,11.943217463433808
PredictiveDecorrBSS,full,1700,10.0,10.009656940967503,12.283559149950591,14.962868086004164,5,10,100000,sparse,10.948490318947693,13.829057518798514,12.45080267299639,12.762643811873966,11.943243308682321
PredictiveDecorrBSS,truncated,1800,10.0,9.998120365526145,11.622672809657875,13.339390876004472,5,10,100000,sparse,12.245937233335875,14.239818686207023,13.30545584996848,10.153128405702876,9.854186230210903
PredictiveDecorrBSS,full,1800,10.0,9.998120365526145,11.622685595768239,14.876699192012893,5,10,100000,sparse,12.245841481765058,14.240220047511658,13.305641649878995,10.153117040440996,9.85406395009823
PredictiveDecorrBSS,truncated,1900,10.0,9.999062029732189,11.179960001456678,13.288223119016038,5,10,100000,sparse,8.319009088539723,11.532012858577097,11.428929490987453,13.5994815648556,13.248072958287283
PredictiveDecorrBSS,full,1900,10.0,9.999062029732189,11.180381898475893,14.821647056989605,5,10,100000,sparse,8.319056088867043,11.533718382834701,11.429096459717575,13.599458039270251,13.24857706431966
PredictiveDecorrBSS,truncated,2000,10.0,10.008903600885429,10.641271536624554,13.248690306005301,5,10,100000,sparse,10.244506587520005,11.081609231079504,11.321619364000881,9.765750862067678,10.987872164211618
PredictiveDecorrBSS,full,2000,10.0,10.008903600885429,10.641173383019641,14.805127741972683,5,10,100000,sparse,10.244249025635607,11.081494844766272,11.321893378286305,9.765542841596314,10.987779642476692
PredictiveDecorrBSS,truncated,2100,10.0,9.988345774447911,10.447405654771288,13.178760846989462,5,10,100000,sparse,10.02426968765829,10.977775539460346,11.81801538091346,13.535713773135347,7.910113319124596
PredictiveDecorrBSS,full,2100,10.0,9.988345774447911,10.447890980687522,14.624395905993879,5,10,100000,sparse,10.02516741624892,10.978328496320259,11.818992106593075,13.536213829029624,7.910108641154798
PredictiveDecorrBSS,truncated,2200,10.0,9.999002380431923,11.117148292266295,13.381561982998392,5,10,100000,sparse,12.02289371526858,10.486173710396558,10.6466438931305,12.210486481553339,10.534786003716368
PredictiveDecorrBSS,full,2200,10.0,9.999002380431923,11.117302916559549,14.88954120699782,5,10,100000,sparse,12.022969204805541,10.4868095436255,10.646076641735938,12.211019418932391,10.53495445439397
PredictiveDecorrBSS,truncated,2300,10.0,10.00434747909656,11.017817493575938,13.261740078014554,5,10,100000,sparse,11.24121745331018,9.806623123323163,13.973590509424563,11.070836609236965,10.086038497009115
PredictiveDecorrBSS,full,2300,10.0,10.00434747909656,11.018143095568947,14.78011588001391,5,10,100000,sparse,11.24142680441679,9.807081455254249,13.97420419072825,11.071042009706408,10.086290361814692
PredictiveDecorrBSS,truncated,2400,10.0,9.99815194457359,12.30974274713802,13.450427060975926,5,10,100000,sparse,13.555447886202607,13.990199402308479,12.199433703261732,12.12808426199434,10.551406132985095
PredictiveDecorrBSS,full,2400,10.0,9.99815194457359,12.309698989498495,14.991405464010313,5,10,100000,sparse,13.55530773071987,13.990405522164135,12.199415912103174,12.127862670945511,10.551402154531353
PredictiveDecorrBSS,truncated,2500,10.0,9.988114612524885,10.492453553742031,13.314225382986479,5,10,100000,sparse,13.404747068165847,10.613354615853275,9.658225413386852,12.6655476078536,8.210920662785545
PredictiveDecorrBSS,full,2500,10.0,9.988114612524885,10.49325830405516,14.696465424000053,5,10,100000,sparse,13.405227821967728,10.616363497876929,9.659967052005822,12.665430285583845,8.210205833932115
PredictiveDecorrBSS,truncated,2600,10.0,10.011887153766072,10.389676826021203,13.155353681999259,5,10,100000,sparse,8.166323239256048,14.938730332588154,8.320358921756132,10.633602445976276,14.042974523744366
PredictiveDecorrBSS,full,2600,10.0,10.011887153766072,10.391266572297006,14.741752324975096,5,10,100000,sparse,8.167551366352848,14.938990961756144,8.322921532390934,10.635506848143965,14.042730505374895
PredictiveDecorrBSS,truncated,2700,10.0,9.992319360192354,11.822896583604845,13.36808722600108,5,10,100000,sparse,10.103187043540933,10.982523717753782,13.082015137394878,12.634589755231442,13.254171287942835
PredictiveDecorrBSS,full,2700,10.0,9.992319360192354,11.822845478448205,14.87609246300417,5,10,100000,sparse,10.103329561885774,10.982402222864993,13.082091365262865,12.634593899967687,13.2536353636003
PredictiveDecorrBSS,truncated,2800,10.0,10.00040544286058,11.605463150110085,13.354670174012426,5,10,100000,sparse,10.14821784134009,11.393337569921329,11.295176066012981,13.641413763775038,12.3165385613404
PredictiveDecorrBSS,full,2800,10.0,10.00040544286058,11.605378521235428,14.860004935006145,5,10,100000,sparse,10.148232152181984,11.393441781218128,11.294621977619144,13.64123300161269,12.316715770980311
PredictiveDecorrBSS,truncated,2900,10.0,9.988195522433656,9.800200423870002,13.222038934007287,5,10,100000,sparse,11.191095165866614,10.096381046495399,7.170523608732157,13.274192648181486,9.56255879910861
PredictiveDecorrBSS,full,2900,10.0,9.988195522433656,9.802240920355883,14.662226457992801,5,10,100000,sparse,11.192234753243966,10.100918245180049,7.171006965882181,13.277200268538074,9.565288033418028
PredictiveDecorrBSS,truncated,0,5.0,5.003921877920552,6.940947959956913,12.410675129009178,5,10,100000,sparse,9.377223285953258,7.641614331256181,7.542020496827609,7.687287476804487,4.215074155060227
PredictiveDecorrBSS,full,0,5.0,5.003921877920552,6.942978963911736,13.672279364982387,5,10,100000,sparse,9.378399786132505,7.642072779981594,7.543947726687917,7.688825555233622,4.218360209775786
PredictiveDecorrBSS,truncated,100,5.0,5.010138961086269,6.879874765988506,12.407701828022255,5,10,100000,sparse,8.245880154589374,6.1706326333616985,6.503509330172785,7.056713975718329,6.702813226387403
PredictiveDecorrBSS,full,100,5.0,5.010138961086269,6.879903370450231,13.706258804013487,5,10,100000,sparse,8.245473979927882,6.1706601738624665,6.503770258190107,7.056558532426437,6.703070411380418
PredictiveDecorrBSS,truncated,200,5.0,5.005513037743046,6.238058943261838,12.140771944017615,5,10,100000,sparse,3.831835330900772,7.443921532275479,8.094992819490148,9.159865037671768,5.01239136840538
PredictiveDecorrBSS,full,200,5.0,5.005513037743046,6.239168149847069,13.473003541992512,5,10,100000,sparse,3.834195736881401,7.443267391171822,8.0962027119516,9.161021613578546,5.012778414971093
PredictiveDecorrBSS,truncated,300,5.0,4.995061766958793,6.365840105992762,12.197044914995786,5,10,100000,sparse,7.450936781811812,10.146950453110774,3.2293965280538957,6.431681581561096,7.53906751698362
PredictiveDecorrBSS,full,300,5.0,4.995061766958793,6.365847438743753,13.42727162601659,5,10,100000,sparse,7.451348001420594,10.146795355349365,3.2294095027823353,6.431643230692804,7.53879481433305
PredictiveDecorrBSS,truncated,400,5.0,5.001287938126983,5.926516018014589,12.142437813978177,5,10,100000,sparse,6.874073733470518,3.983460256281777,6.211734353178565,7.464109007216859,5.948142400901797
PredictiveDecorrBSS,full,400,5.0,5.001287938126983,5.942459115947958,13.472015498002293,5,10,100000,sparse,6.876925818830236,4.007803251457014,6.210675685005421,7.463180792115677,5.989199782089274
PredictiveDecorrBSS,truncated,500,5.0,5.010303315852918,8.08919814702627,12.702539891994093,5,10,100000,sparse,9.413958624894278,7.129122484497703,8.142909601588862,7.661783445227903,8.433049465087233
PredictiveDecorrBSS,full,500,5.0,5.010303315852918,8.089113435890008,14.067714306002017,5,10,100000,sparse,9.413820551848547,7.128975452679645,8.142814257953342,7.661761098899427,8.433029754575646
PredictiveDecorrBSS,truncated,600,5.0,5.006325528614619,6.646020683175075,12.304200746002607,5,10,100000,sparse,6.647301446089657,4.096899123808702,10.575631348328729,6.184734186570756,8.318708490700425
PredictiveDecorrBSS,full,600,5.0,5.006325528614619,6.647695228411617,13.74267267700634,5,10,100000,sparse,6.6474996257214976,4.100525455492468,10.575306660798393,6.1860562331063695,8.31913722372914
PredictiveDecorrBSS,truncated,700,5.0,5.003730301313923,6.120518283839863,12.187076228001388,5,10,100000,sparse,5.354974967999477,4.9164569586974025,6.315776664677951,9.015607805392545,6.062520447159876
PredictiveDecorrBSS,full,700,5.0,5.003730301313923,6.120804654148265,13.565916915977141,5,10,100000,sparse,5.360309959808298,4.91683058251788,6.310931458276042,9.015101061981243,6.062023752435842
PredictiveDecorrBSS,truncated,800,5.0,4.989045679417256,7.491718482975704,12.50166411002283,5,10,100000,sparse,8.857342470661198,7.825370674556446,8.140122303510777,6.117614957941918,7.041432959572803
PredictiveDecorrBSS,full,800,5.0,4.989045679417256,7.491874425712004,13.989802605006844,5,10,100000,sparse,8.857109299557175,7.824994045376452,8.140566935146502,6.117899049217536,7.041902936336846
PredictiveDecorrBSS,truncated,900,5.0,5.002182752288437,7.09496712695436,12.372599566006102,5,10,100000,sparse,5.737191074135991,7.932490774012445,8.166051260045517,5.467486455060444,9.534609790285666
PredictiveDecorrBSS,full,900,5.0,5.002182752288437,7.0950146581056375,13.83153835500707,5,10,100000,sparse,5.737209911402633,7.932663028853963,8.16586666295434,5.467506508240568,9.534935511386823
PredictiveDecorrBSS,truncated,1000,5.0,4.994152030972511,7.849230137311876,12.584994734992506,5,10,100000,sparse,8.965436129250175,5.870737757836345,8.22851745412257,7.7012620271764956,9.414670901179061
PredictiveDecorrBSS,full,1000,5.0,4.994152030972511,7.8492166596996515,13.974682820989983,5,10,100000,sparse,8.965587648868224,5.870782366131817,8.228431978324306,7.7010007478812215,9.41480376607075
PredictiveDecorrBSS,truncated,1100,5.0,4.992314889600714,7.180225086800025,12.421726849017432,5,10,100000,sparse,8.894501229702815,7.889057164796631,8.009151675941892,7.085292059550856,5.081498979662529
PredictiveDecorrBSS,full,1100,5.0,4.992314889600714,7.180480166855894,13.800288804981392,5,10,100000,sparse,8.894710832084558,7.889472240388452,8.00937790061695,7.08512249275682,5.081969144608301
PredictiveDecorrBSS,truncated,1200,5.0,5.00100545577772,5.051093539421174,11.813622530986322,5,10,100000,sparse,7.5158086023482165,2.6658349067190557,5.1115904289407235,9.627732452768957,3.68763514817244
PredictiveDecorrBSS,full,1200,5.0,5.00100545577772,5.054515618653129,13.146001189015806,5,10,100000,sparse,7.520091915294151,2.6724806878599585,5.110600211735371,9.62803410333695,3.690570144936408
PredictiveDecorrBSS,truncated,1300,5.0,5.005008163020309,7.292112780166434,12.428933375980705,5,10,100000,sparse,9.282839729762012,6.077700939186185,6.343672660643466,6.9900626564136825,8.66410931576813
PredictiveDecorrBSS,full,1300,5.0,5.005008163020309,7.291983642780889,13.786316354002338,5,10,100000,sparse,9.282890193182851,6.077321961800928,6.343623957371552,6.9898885897833924,8.664206710789273
PredictiveDecorrBSS,truncated,1400,5.0,5.007978380004635,7.241337456249751,12.462396411021473,5,10,100000,sparse,9.976852876508572,5.6528933273297435,7.233790327654025,7.496898454734722,6.92927068711242
PredictiveDecorrBSS,full,1400,5.0,5.007978380004635,7.241301010040033,13.893264635000378,5,10,100000,sparse,9.976997165425507,5.652880115070226,7.233674100254835,7.496720590932686,6.929312925851196
PredictiveDecorrBSS,truncated,1500,5.0,4.976111224175668,7.400421510233802,12.4404790920089,5,10,100000,sparse,5.806346734554218,7.525129292185642,9.596568320151206,5.980844338180885,9.554327531513206
PredictiveDecorrBSS,full,1500,5.0,4.976111224175668,7.400372383553124,13.87322484201286,5,10,100000,sparse,5.806221071212164,7.525180450984102,9.596571450087874,5.980644701146618,9.554583244123716
PredictiveDecorrBSS,truncated,1600,5.0,4.9956634294284425,5.689534425948041,11.944429647992365,5,10,100000,sparse,11.27930377601038,8.417610628410488,3.6841485103653437,3.8280335520699573,5.380101104379937
PredictiveDecorrBSS,full,1600,5.0,4.9956634294284425,5.690631131835384,13.195813622005517,5,10,100000,sparse,11.279524984848289,8.418664732858216,3.685671131935164,3.829176700238972,5.380753810123129
PredictiveDecorrBSS,truncated,1700,5.0,5.009656940967503,7.894603935430738,12.612957977980841,5,10,100000,sparse,6.692025643130222,9.295596685600799,8.020380263022343,8.275236620147785,7.604840073648173
PredictiveDecorrBSS,full,1700,5.0,5.009656940967503,7.894585233913556,14.138716540997848,5,10,100000,sparse,6.692171292238474,9.295251162658927,8.020352314822079,8.27530973729194,7.604769328780603
PredictiveDecorrBSS,truncated,1800,5.0,4.998120365526146,7.360323707760854,12.398506741999881,5,10,100000,sparse,7.850511398916883,9.745690744121463,8.780823701493723,6.018845965290365,5.763167566639735
PredictiveDecorrBSS,full,1800,5.0,4.998120365526146,7.360271895708297,13.738092941988725,5,10,100000,sparse,7.850143285816051,9.746164091466298,8.781011991518973,6.01884060725615,5.762936108665095
PredictiveDecorrBSS,truncated,1900,5.0,4.999062029732189,7.091088413315589,12.363734236976597,5,10,100000,sparse,4.621450905683712,7.438915053425137,7.11291700115058,9.099736256781467,8.762924124836275
PredictiveDecorrBSS,full,1900,5.0,4.999062029732189,7.09180511990389,13.703079422004521,5,10,100000,sparse,4.622560931841381,7.440500546898162,7.112943671451896,9.099485304639458,8.76334469821162
PredictiveDecorrBSS,truncated,2000,5.0,5.0089036008854295,6.716607275104064,12.32066617399687,5,10,100000,sparse,6.34898757914244,7.421962700160679,7.232659380088412,5.83283862666943,6.944913906706383
PredictiveDecorrBSS,full,2000,5.0,5.0089036008854295,6.7163003631221105,13.7288825759897,5,10,100000,sparse,6.3494012073252195,7.421828743555674,7.232154748179939,5.83196998265054,6.944526242929804
PredictiveDecorrBSS,truncated,2100,5.0,4.988345774447913,6.647035532560527,12.281617344007827,5,10,100000,sparse,6.338473268597049,7.006921860568332,7.648033776327441,9.187583005094822,4.457588181402029
PredictiveDecorrBSS,full,2100,5.0,4.988345774447913,6.64790541155864,13.659115340997232,5,10,100000,sparse,6.33975791593424,7.007030467007799,7.647092372997271,9.18754058871277,4.459795802915721
PredictiveDecorrBSS,truncated,2200,5.0,4.999002380431923,7.077602166867503,12.436401545011904,5,10,100000,sparse,7.67662706559511,6.582297797865148,6.730372629255963,7.913474066844268,6.654118342132596
PredictiveDecorrBSS,full,2200,5.0,4.999002380431923,7.0775065271008355,13.880342006013962,5,10,100000,sparse,7.676504921658691,6.5822270058832135,6.730203655936407,7.913884898084191,6.653709419749316
PredictiveDecorrBSS,truncated,2300,5.0,5.004347479096559,6.951735750813192,12.378536344011081,5,10,100000,sparse,6.985705215126437,5.974490163294539,9.457067428126154,6.819886265436066,6.281267810460825
PredictiveDecorrBSS,full,2300,5.0,5.004347479096559,6.951699609662583,13.807545888994355,5,10,100000,sparse,6.985639751424618,5.974419072090546,9.456774906079406,6.820211278792131,6.281100981701988
PredictiveDecorrBSS,truncated,2400,5.0,4.998151944573591,7.9265116592472795,12.689081956981681,5,10,100000,sparse,9.053223745762665,9.372771607576581,7.77227693216463,7.753414555800914,6.365907081809614
PredictiveDecorrBSS,full,2400,5.0,4.998151944573591,7.926620847106821,14.045344694983214,5,10,100000,sparse,9.053215804053934,9.372977526586222,7.772197644661061,7.753483493509826,6.366196785293287
PredictiveDecorrBSS,truncated,2500,5.0,4.988114612524886,6.706745056100544,12.33706499802065,5,10,100000,sparse,8.89493499982531,6.8515509091556135,5.849828578610929,8.413030967233514,4.861356600219095
PredictiveDecorrBSS,full,2500,5.0,4.988114612524886,6.707512070095854,13.765942587022437,5,10,100000,sparse,8.895149241562514,6.851214719862658,5.8488938855385575,8.410884254152464,4.865687119348113
PredictiveDecorrBSS,truncated,2600,5.0,5.011887153766072,6.694443556669064,12.340513178991387,5,10,100000,sparse,4.774369325446696,10.349983239090573,4.903158297169682,6.790617733479511,9.451286120396588
PredictiveDecorrBSS,full,2600,5.0,5.011887153766072,6.696105739722919,13.649707258999115,5,10,100000,sparse,4.7805310777480035,10.35053363535078,4.903472596251934,6.7891078194371834,9.450358863368425
PredictiveDecorrBSS,truncated,2700,5.0,4.992319360192354,7.517419357816744,12.477293267002096,5,10,100000,sparse,5.969044817893763,6.8081820392154775,8.546261221935778,8.186378169533885,8.798069772785817
PredictiveDecorrBSS,full,2700,5.0,4.992319360192354,7.517267932147917,13.866033655998763,5,10,100000,sparse,5.969185830127302,6.808140866775917,8.546415667378668,8.186576288274232,8.796445032657633
PredictiveDecorrBSS,truncated,2800,5.0,5.000405442860581,7.350301853767212,12.466656995005906,5,10,100000,sparse,6.040817877876464,7.115445957753699,7.148279269623881,9.109734074649415,7.927421063870908
PredictiveDecorrBSS,full,2800,5.0,5.000405442860581,7.350241918163876,13.899649742001202,5,10,100000,sparse,6.04069670347911,7.115457649561121,7.1483158061564644,9.109249041263167,7.927575518478114
PredictiveDecorrBSS,truncated,2900,5.0,4.988195522433657,6.262014398584148,12.334182657010388,5,10,100000,sparse,7.04733817002815,6.598830303898837,4.076909171530426,9.018469823167832,6.031017149600716
PredictiveDecorrBSS,full,2900,5.0,4.988195522433657,6.264923641297298,13.5797356319963,5,10,100000,sparse,7.047904727554275,6.598946180980018,4.086805573834503,9.018412298853777,6.02877882259408
